400374	"Base.arg_gen(Base.#arg_gen, String, String, Vararg{String, N<:Any})"
116699	"Base.arg_gen(Base.#arg_gen, Base.Cmd)"
367650	"Base.#call#398(Base.##call#398#399, Bool, Void, String, Bool, Bool, Bool, Type{T<:Any}, Base.Cmd)"
284066	"Base.#pipeline#407(Base.##pipeline#407, Void, Void, Base.TTY, Bool, Function, Base.Cmd)"
96836	"Base.redir_err(Base.#redir_err, Base.Cmd, Base.TTY)"
498641	"Base.open(Base.#open, Base.CmdRedirect, String, Base.TTY)"
116623	"Base.spawn_opts_swallow(Base.#spawn_opts_swallow, Tuple{Base.Pipe, Base.TTY, Base.TTY})"
380321	"Base.#spawn(Base.#kw##spawn, Array{Any, 1}, Base.#spawn, Base.CmdRedirect, Tuple{Base.Pipe, Base.TTY, Base.TTY}, Bool, Bool)"
207167	"Base.#spawn#408(Base.##spawn#408, Base.Nullable{Base.ProcessChain}, Function, Base.CmdRedirect, Tuple{Base.Pipe, Base.TTY, Base.TTY}, Bool, Bool)"
369994	"Base.#spawn(Base.#kw##spawn, Array{Any, 1}, Base.#spawn, Base.Cmd, Tuple{Base.Pipe, Base.TTY, Base.TTY}, Bool, Bool)"
660158	"Base.Type(Type{Base.Process}, Base.Cmd, Ptr{Void}, Base.Pipe, Base.TTY, Base.TTY)"
1319359	"Base._jl_spawn(Base.#_jl_spawn, String, Array{String, 1}, Ptr{Void}, Base.Process, Base.PipeEndpoint, Base.TTY, Base.TTY)"
102440	"Base.setup_stdio(Base.#setup_stdio, Base.##412#413{Base.Cmd, Ptr{Void}, Base.Process}, Tuple{Base.Pipe, Base.TTY, Base.TTY})"
140066	"Base.#spawn#411(Base.##spawn#411, Base.Nullable{Base.ProcessChain}, Function, Base.Cmd, Tuple{Base.Pipe, Base.TTY, Base.TTY}, Bool, Bool)"
699488	"Base.Serializer.should_send_whole_type(Base.Serializer.#should_send_whole_type, Base.Serializer.SerializationState{Base.Pipe}, DataType)"
525266	"Base.Serializer.serialize_cycle(Base.Serializer.#serialize_cycle, Base.Serializer.SerializationState{Base.Pipe}, TypeName)"
375225	"Base.Serializer.serialize(Base.Serializer.#serialize, Base.Serializer.SerializationState{Base.Pipe}, SimpleVector)"
237150	"Base.Serializer.serialize(Base.Serializer.#serialize, Base.Serializer.SerializationState{Base.Pipe}, Bool)"
260646	"Base.Serializer.serialize_typename(Base.Serializer.#serialize_typename, Base.Serializer.SerializationState{Base.Pipe}, TypeName)"
37516	"Base.Serializer.serialize(Base.Serializer.#serialize, Base.Serializer.SerializationState{Base.Pipe}, TypeName)"
260152	"Base.Serializer.serialize_mod_names(Base.Serializer.#serialize_mod_names, Base.Serializer.SerializationState{Base.Pipe}, Module)"
76953	"Base.Serializer.serialize(Base.Serializer.#serialize, Base.Serializer.SerializationState{Base.Pipe}, Module)"
151265	"Base.Serializer.serialize_type_data(Base.Serializer.#serialize_type_data, Base.Serializer.SerializationState{Base.Pipe}, DataType, Bool)"
33385	"Base.Serializer.serialize(Base.Serializer.#serialize, Base.Serializer.SerializationState{Base.Pipe}, DataType)"
252421	"Base.Serializer.serialize(Base.Serializer.#serialize, Base.Serializer.SerializationState{Base.Pipe}, Int64)"
118206	"Base.Serializer.serialize(Base.Serializer.#serialize, Base.Serializer.SerializationState{Base.Pipe}, Any)"
384029	"Base.Serializer.serialize_type(Base.Serializer.#serialize_type, Base.Serializer.SerializationState{Base.Pipe}, DataType)"
245391	"Base.Serializer.serialize_any(Base.Serializer.#serialize_any, Base.Serializer.SerializationState{Base.Pipe}, Any)"
993518	"Base.Serializer.serialize(Base.Serializer.#serialize, Base.Serializer.SerializationState{Base.Pipe}, Tuple{Int64})"
311581	"Base.Serializer.serialize(Base.Serializer.#serialize, Base.Serializer.SerializationState{Base.Pipe}, Array{String, 1})"
742064	"Base.write(Base.#write, Base.Pipe, Array{UInt8, 1})"
74532	"Base.Serializer.serialize_array_data(Base.Serializer.#serialize_array_data, Base.Pipe, Array{UInt8, 1})"
138487	"Base.Serializer.serialize(Base.Serializer.#serialize, Base.Serializer.SerializationState{Base.Pipe}, Array{UInt8, 1})"
818407	"Base.Serializer.serialize(Base.Serializer.#serialize, Base.Serializer.SerializationState{Base.Pipe}, Array{Any, 1})"
412182	"Base.Serializer.serialize(Base.Serializer.#serialize, Base.Serializer.SerializationState{Base.Pipe}, Tuple{Symbol, UInt64})"
217796	"Base.unsafe_write(Base.#unsafe_write, Base.Pipe, Base.RefValue{UInt64}, Int64)"
27382	"Base.write(Base.#write, Base.Pipe, UInt64)"
192052	"Base._uv_hook_close(Base.#_uv_hook_close, Base.Process)"
319293	"MbedTLS.f_rng(MbedTLS.#f_rng, Ptr{Void}, Ptr{UInt8}, UInt64)"
415510	"MbedTLS.f_send(MbedTLS.#f_send, Ptr{Void}, Ptr{UInt8}, UInt64)"
215497	"MbedTLS.f_recv(MbedTLS.#f_recv, Ptr{Void}, Ptr{UInt8}, UInt64)"
315509	"MbedTLS.f_dbg(MbedTLS.#f_dbg, Ptr{Void}, Int32, Ptr{UInt8}, Int32, Ptr{UInt8})"
95978	"MbedTLS.__sslinit__(MbedTLS.#__sslinit__)"
238876	"MbedTLS.jl_entropy(MbedTLS.#jl_entropy, Ptr{Void}, Ptr{Void}, UInt64, Ptr{Void})"
52563	"MbedTLS.__init__(MbedTLS.#__init__)"
445019	"HTTP.__init__(HTTP.#__init__)"
155302	"Core.Inference.mk_getfield(Core.Inference.#mk_getfield, GlobalRef, Int64, Type{T<:Any})"
831435	"HTTP.Type(#kw#Type, Array{Any, 1}, Type{HTTP.RequestOptions}, Int64, Bool, Float64, Float64, MbedTLS.SSLConfig, Int64)"
112210	"HTTP.#Client#27(HTTP.##Client#27, Array{Any, 1}, Type{T<:Any})"
507912	"HTTP.Type(Type{HTTP.Client}, Base.TTY, HTTP.RequestOptions)"
430935	"Base.Test.@testset(Base.Test.#@testset, String, Vararg{Any, N<:Any})"
348061	"Base.Test.testset_beginend(Base.Test.#testset_beginend, Tuple{String, Expr}, Expr)"
240972	"Base.Test.parse_testset_args(Base.Test.#parse_testset_args, Tuple{String})"
215111	"Base.uvfinalize(Base.#uvfinalize, Base.Process)"
204671	"Base.uvfinalize(Base.#uvfinalize, Base.PipeEndpoint)"
492818	"Base.Test.get_testset(Base.Test.#get_testset)"
442384	"Base.Test.pop_testset(Base.Test.#pop_testset)"
86911	"Base.length(Base.#length, Array{Base.Test.AbstractTestSet, 1})"
89946	"Base.Test.Type(Type{Base.Test.DefaultTestSet}, String)"
171401	"Base.Test.push_testset(Base.Test.#push_testset, Base.Test.DefaultTestSet)"
159901	"Base.push!(Base.#push!, Array{Base.Test.AbstractTestSet, 1}, Base.Test.DefaultTestSet)"
147176	"Base.#49(Base.##49#50, QuoteNode)"
65135	"Base.remove_linenums!(Base.#remove_linenums!, QuoteNode)"
79763	"Base.#49(Base.##49#50, UInt8)"
55554	"Base.remove_linenums!(Base.#remove_linenums!, UInt8)"
106596	"Base.find_vars(Base.#find_vars, UInt8, Array{Any, 1})"
7967892	"Base.Test.eval_comparison(Base.Test.#eval_comparison, Expr)"
150258	"Base.isempty(Base.#isempty, Array{Base.Test.AbstractTestSet, 1})"
88728	"Base.endof(Base.#endof, Array{Base.Test.AbstractTestSet, 1})"
106696	"Base.getindex(Base.#getindex, Array{Base.Test.AbstractTestSet, 1}, Int64)"
223976	"HTTP.read(Base.#read, HTTP.FIFOBuffer, Type{UInt8})"
396957	"Base.==(Base.#==, Tuple{UInt8, Bool}, Tuple{UInt8, Bool})"
404155	"Base.Test.do_test(Base.Test.#do_test, Base.Test.Returned, Expr)"
148170	"Base.Test.record(Base.Test.#record, Base.Test.DefaultTestSet, Base.Test.Pass)"
1122664	"Base.copy!(Base.#copy!, Array{UInt8, 1}, Int64, Base.SubArray{UInt8, 1, Array{UInt8, 1}, Tuple{Base.UnitRange{Int64}}, true}, Int64, Int64)"
150639	"HTTP.readavailable(Base.#readavailable, HTTP.FIFOBuffer)"
301950	"HTTP.write(Base.#write, HTTP.FIFOBuffer, UInt8)"
633823	"HTTP.write(Base.#write, HTTP.FIFOBuffer, Array{UInt8, 1})"
331786	"Base.Broadcast._broadcast!(Vararg{Any, N<:Any})"
739439	"Base.collect_to!(Base.#collect_to!, Array{Symbol, 1}, Base.Generator{Base.UnitRange{Int64}, Base.##21#22{Tuple{Symbol}}}, Int64, Int64)"
86239	"Base.collect(Base.#collect, Base.Generator{Base.UnitRange{Int64}, Base.##21#22{Tuple{Symbol}}})"
31236	"Base.getindex(Base.#getindex, Tuple{Symbol}, Base.UnitRange{Int64})"
521392	"Base.Broadcast._bcs1(Base.Broadcast.#_bcs1, Base.OneTo{Int64}, Base.OneTo{Int64})"
335732	"Base.Broadcast.check_broadcast_shape(Base.Broadcast.#check_broadcast_shape, Tuple{Base.OneTo{Int64}}, Tuple{Base.OneTo{Int64}})"
844448	"Base.Broadcast._broadcast!(Base.Broadcast.#_broadcast!, Base.#==, Base.BitArray{1}, Tuple{Tuple{Bool}, Tuple{Bool}}, Tuple{Tuple{Int64}, Tuple{Int64}}, Tuple{Array{UInt8, 1}, Array{UInt8, 1}}, Type{Base.Val{2}})"
161682	"Base.Broadcast..==(Base.#.==, Array{UInt8, 1}, Array{UInt8, 1})"
113859	"Main.#1(Main.##1#9, Function)"
98646	"Main.#3(Main.##3#11, Function)"
91865	"Base.getindex(Base.#getindex, Tuple{Array{Any, 1}, Tuple{}}, Int64)"
313991	"Main.#2(Main.##2#10)"
85244	"Base.Test.record(Base.Test.#record, Base.Test.FallbackTestSet, Base.Test.Pass)"
778931	"Base.task_done_hook(Base.#task_done_hook, Task)"
254803	"Main.#4(Main.##4#12)"
381518	"Base.notify(Base.#notify, Base.Condition, Base.Test.Pass, Bool, Bool)"
460206	"Base.#schedule(Base.#kw##schedule, Array{Any, 1}, Base.#schedule, Task, Base.Test.Pass)"
137879	"Base.#schedule#346(Base.##schedule#346, Bool, Function, Task, Base.Test.Pass)"
102866	"Main.#5(Main.##5#13, Function)"
100031	"Main.#7(Main.##7#15, Function)"
458964	"Main.#6(Main.##6#14)"
334690	"Main.#8(Main.##8#16)"
1268978	"Base.Broadcast._broadcast!(Base.Broadcast.#_broadcast!, Base.#==, Base.BitArray{1}, Tuple{Tuple{Bool}, Tuple{Bool}}, Tuple{Tuple{Int64}, Tuple{Int64}}, Tuple{Array{UInt8, 1}, Base.UnitRange{UInt8}}, Type{Base.Val{2}})"
164328	"Base.Broadcast..==(Base.#.==, Array{UInt8, 1}, Base.UnitRange{UInt8})"
1315448	"HTTP.readbytes(Base.#readbytes, HTTP.FIFOBuffer, Int64)"
202005	"Base.pop!(Base.#pop!, Array{Base.Test.AbstractTestSet, 1})"
934747	"Base.Test.get_test_counts(Base.Test.#get_test_counts, Base.Test.DefaultTestSet)"
160041	"Base.ndigits(Base.#ndigits, Int64)"
319522	"Base.Test.get_alignment(Base.Test.#get_alignment, Base.Test.DefaultTestSet, Int64)"
261352	"Base.Test.finish(Base.Test.#finish, Base.Test.DefaultTestSet)"
113065	"Base.Test.record(Base.Test.#record, Base.Test.DefaultTestSet, Base.Test.DefaultTestSet)"
188619	"Base.getindex(Base.#getindex, Type{UInt8}, Int64, Int64, Int64)"
72978	"Base.Type(Type{Array{UInt8, 1}}, String)"
180686	"Base.getindex(Base.#getindex, Type{UInt8}, Char, Char, Char, Char, Vararg{Any, N<:Any})"
246610	"Base.getindex(Base.#getindex, Type{UInt8}, Char, Char, Char, UInt8, Vararg{UInt8, N<:Any})"
175529	"Base.getindex(Base.#getindex, Type{UInt8}, UInt8, UInt8, UInt8, UInt8, Vararg{Any, N<:Any})"
223421	"Base.vect(Base.#vect, Tuple{String, Array{UInt8, 1}, String}, Vararg{Tuple{String, Array{UInt8, 1}, String}, N<:Any})"
1269692	"Base.ht_keyindex(Base.#ht_keyindex, Base.Dict{UInt8, Void}, UInt8)"
118688	"HTTP.sniff(HTTP.#sniff, Array{UInt8, 1})"
606450	"Base.mapreduce_sc_impl(Base.#mapreduce_sc_impl, Base.Predicate{Base.##212#213{UInt8}}, Base.#|, Tuple{UInt8, UInt8})"
76844	"HTTP.ismatch(HTTP.#ismatch, HTTP.HTMLSig, Array{UInt8, 1}, Int64)"
334786	"HTTP.ismatch(HTTP.#ismatch, HTTP.Masked, Array{UInt8, 1}, Int64)"
210660	"HTTP.ismatch(HTTP.#ismatch, HTTP.Exact, Array{UInt8, 1}, Int64)"
361271	"HTTP.bigend(HTTP.#bigend, Array{UInt8, 1})"
560688	"HTTP.byteequal(HTTP.#byteequal, Base.SubArray{UInt8, 1, Array{UInt8, 1}, Tuple{Base.UnitRange{Int64}}, true}, Array{UInt8, 1}, Int64)"
323129	"HTTP.ismatch(HTTP.#ismatch, Type{HTTP.MP4Sig}, Array{UInt8, 1}, Int64)"
792354	"HTTP.nextbyte(HTTP.#nextbyte, Array{UInt8, 1}, Int64, Int64)"
115606	"HTTP.ignorewhitespace(HTTP.#ignorewhitespace, Array{UInt8, 1}, Int64, Int64)"
1107704	"HTTP.restofstring(HTTP.#restofstring, Array{UInt8, 1}, Int64, Int64)"
1235897	"HTTP.isjson(HTTP.#isjson, Array{UInt8, 1}, Int64, Int64)"
57098	"HTTP.ismatch(HTTP.#ismatch, Type{HTTP.JSONSig}, Array{UInt8, 1}, Int64)"
381924	"HTTP.ismatch(HTTP.#ismatch, Type{HTTP.TextSig}, Array{UInt8, 1}, Int64)"
259746	"HTTP.contenttype(HTTP.#contenttype, HTTP.Masked)"
115555	"HTTP.contenttype(HTTP.#contenttype, HTTP.Exact)"
106327	"Base.#49(Base.##49#50, String)"
71890	"Base.remove_linenums!(Base.#remove_linenums!, String)"
1323771	"HTTP.nextbyte(HTTP.#nextbyte, String, Int64, Int64)"
121790	"HTTP.ignorewhitespace(HTTP.#ignorewhitespace, String, Int64, Int64)"
555451	"HTTP.restofstring(HTTP.#restofstring, String, Int64, Int64)"
917930	"HTTP.isjson(HTTP.#isjson, String, Int64, Int64)"
273307	"HTTP.nextbyte(HTTP.#nextbyte, Array{UInt8, 1}, UInt64, Int64)"
104981	"HTTP.ignorewhitespace(HTTP.#ignorewhitespace, Array{UInt8, 1}, UInt64, Int64)"
1042536	"HTTP.restofstring(HTTP.#restofstring, Array{UInt8, 1}, UInt64, Int64)"
909606	"HTTP.isjson(HTTP.#isjson, Array{UInt8, 1}, UInt64, Int64)"
218958	"Base.Test.@test_throws(Base.Test.#@test_throws, Any, Any)"
3670011	"HTTP.isalphanum(HTTP.#isalphanum, Char)"
463811	"HTTP.isuserinfochar(HTTP.#isuserinfochar, Char)"
357221	"HTTP.parseurlchar(HTTP.#parseurlchar, UInt8, Char, Bool)"
202658	"Base.Enums.enum_argument_error(Base.Enums.#enum_argument_error, Symbol, UInt8)"
31380	"HTTP.convert(Base.#convert, Type{HTTP.ParsingStateCode}, UInt8)"
179350	"Base.mapreduce_sc_impl(Base.#mapreduce_sc_impl, Base.Predicate{Base.##212#213{UInt8}}, Base.#|, Tuple{UInt8, UInt8, UInt8, UInt8, UInt8})"
945844	"Base.resize!(Base.#resize!, Array{HTTP.http_parser_url_fields, 1}, Int64)"
206478	"Base.resize!(Base.#resize!, Array{HTTP.Offset, 1}, Int64)"
425528	"Base.rehash!(Base.#rehash!, Base.Dict{HTTP.http_parser_url_fields, HTTP.Offset}, Int64)"
67902	"Base.ht_keyindex2(Base.#ht_keyindex2, Base.Dict{HTTP.http_parser_url_fields, HTTP.Offset}, HTTP.http_parser_url_fields)"
284072	"Base._setindex!(Base.#_setindex!, Base.Dict{HTTP.http_parser_url_fields, HTTP.Offset}, HTTP.Offset, HTTP.http_parser_url_fields, Int64)"
33357	"Base.setindex!(Base.#setindex!, Base.Dict{HTTP.http_parser_url_fields, HTTP.Offset}, HTTP.Offset, HTTP.http_parser_url_fields)"
312166	"Base.ht_keyindex(Base.#ht_keyindex, Base.Dict{HTTP.http_parser_url_fields, HTTP.Offset}, HTTP.http_parser_url_fields)"
801123	"HTTP.ishostchar(HTTP.#ishostchar, Char)"
167438	"HTTP.ishex(HTTP.#ishex, Char)"
299913	"HTTP.http_parse_host_char(HTTP.#http_parse_host_char, HTTP.http_host_state, Char)"
617636	"Base.mapreduce_sc_impl(Base.#mapreduce_sc_impl, Base.Predicate{Base.##212#213{HTTP.http_host_state}}, Base.#|, Tuple{HTTP.http_host_state, HTTP.http_host_state, HTTP.http_host_state, HTTP.http_host_state, HTTP.http_host_state, HTTP.http_host_state, HTTP.http_host_state, HTTP.http_host_state})"
379934	"HTTP.http_parse_host(HTTP.#http_parse_host, Array{UInt8, 1}, HTTP.Offset, Bool)"
362642	"HTTP.convert(Base.#convert, Type{HTTP.http_parser_url_fields}, Int64)"
70734	"HTTP.#15(HTTP.##15#16{Base.Dict{HTTP.http_parser_url_fields, HTTP.Offset}}, Int64)"
169566	"Base.ntuple(Base.#ntuple, HTTP.##15#16{Base.Dict{HTTP.http_parser_url_fields, HTTP.Offset}}, Int64)"
134402	"HTTP.http_parser_parse_url(HTTP.#http_parser_parse_url, Array{UInt8, 1}, Int64, Int64, Bool)"
689374	"HTTP.getindex(Base.#getindex, Array{UInt8, 1}, HTTP.Offset)"
197994	"Base.mapreduce_sc_impl(Base.#mapreduce_sc_impl, Base.Predicate{Base.##212#213{String}}, Base.#|, Array{String, 1})"
351856	"HTTP.port(HTTP.#port, HTTP.URI)"
146036	"HTTP.isvalid(Base.#isvalid, HTTP.URI)"
664636	"HTTP.Type(#kw#Type, Array{Any, 1}, Type{HTTP.URI})"
491826	"HTTP.ishostchar(HTTP.#ishostchar, UInt8)"
292022	"Base.hex(Base.#hex, UInt64, Int64, Bool)"
982779	"Base.string(Base.#string, Char, String)"
95931	"HTTP.escape(HTTP.#escape, String)"
2142379	"Base.safe_mul(Base.#safe_mul, UInt8, UInt8)"
139582	"Base.safe_add(Base.#safe_add, UInt8, UInt8)"
574318	"Base.tryparse_internal(Base.#tryparse_internal, Type{UInt8}, String, Int64, Int64, Int64, Bool)"
63828	"Base.parse(Base.#parse, Type{UInt8}, String, Int64)"
217479	"HTTP.unescape(HTTP.#unescape, String)"
3044451	"Base.ntuple(Base.#ntuple, Main.##17#18, Int64)"
1446679	"HTTP.#parse(Base.#kw##parse, Array{Any, 1}, Base.#parse, Type{HTTP.URI}, String)"
130323	"HTTP.Type(Type{HTTP.Offset}, Int64, Int64)"
80105	"HTTP.Type(Type{HTTP.URI}, Array{UInt8, 1}, Tuple{HTTP.Offset, HTTP.Offset, HTTP.Offset, HTTP.Offset, HTTP.Offset, HTTP.Offset, HTTP.Offset})"
632384	"Base.print(Base.#print, Base.AbstractIOBuffer{Array{UInt8, 1}}, String, String)"
335717	"Base.print(Base.#print, Base.AbstractIOBuffer{Array{UInt8, 1}}, String, String, String)"
134264	"HTTP.print(Base.#print, Base.AbstractIOBuffer{Array{UInt8, 1}}, String, String, String, String, String, String, String)"
114471	"HTTP.print(Base.#print, Base.AbstractIOBuffer{Array{UInt8, 1}}, HTTP.URI)"
57521	"Base.#print_to_string#305(Base.##print_to_string#305, Void, Function, HTTP.URI, Vararg{HTTP.URI, N<:Any})"
111403	"HTTP.Type(Type{HTTP.Offset}, UInt16, UInt16)"
293680	"HTTP.#URI#11(HTTP.##URI#11, String, String, String, String, Int64, String, String, Bool, Type{T<:Any})"
139097	"HTTP.#parse#13(HTTP.##parse#13, Bool, Function, Type{HTTP.URI}, String)"
350731	"HTTP.==(Base.#==, HTTP.URI, HTTP.URI)"
313092	"HTTP.#URI#11(HTTP.##URI#11, String, String, String, String, String, String, String, Bool, Type{T<:Any})"
220608	"Base.#sprint#304(Base.##sprint#304, Void, Function, Int64, Function, HTTP.URI, Vararg{HTTP.URI, N<:Any})"
520789	"Base.print(Base.#print, Base.AbstractIOBuffer{Array{UInt8, 1}}, String, HTTP.URI, String)"
53598	"HTTP.show(Base.#show, Base.AbstractIOBuffer{Array{UInt8, 1}}, HTTP.URI)"
73895	"Base.string(Base.#string, String, HTTP.ParsingStateCode, String, String, Vararg{String, N<:Any})"
219577	"HTTP.print(Base.#print, Base.AbstractIOBuffer{Array{UInt8, 1}}, HTTP.ParsingStateCode)"
267201	"Base.Test.do_test_throws(Base.Test.#do_test_throws, Base.Test.Threw, Expr, Type{T<:Any})"
104478	"Main.Type(Type{Main.URLTest}, String, String, Bool, Tuple{HTTP.Offset, HTTP.Offset, HTTP.Offset, HTTP.Offset, HTTP.Offset, HTTP.Offset, HTTP.Offset}, Bool)"
169401	"Base.getindex(Base.#getindex, Type{Main.URLTest}, Main.URLTest, Main.URLTest, Main.URLTest, Main.URLTest, Vararg{Main.URLTest, N<:Any})"
255382	"Base.print(Base.#print, Base.TTY, String, Char)"
199116	"Base.==(Base.#==, Tuple{HTTP.Offset, HTTP.Offset, HTTP.Offset, HTTP.Offset, HTTP.Offset, HTTP.Offset, HTTP.Offset}, Tuple{HTTP.Offset, HTTP.Offset, HTTP.Offset, HTTP.Offset, HTTP.Offset, HTTP.Offset, HTTP.Offset})"
291888	"HTTP.print(Base.#print, Base.AbstractIOBuffer{Array{UInt8, 1}}, HTTP.http_host_state)"
103916	"Core.Inference.#120(Core.Inference.##120#121, Core.Inference.Const)"
90585	"Core.Type(Type{Expr}, Any, Any, Any, Any, Any, Any, Any, Any, Any, Any, Any, Any, Any, Any, Any, Any, Any, Any, Any, Any, Any, Any, Any, Any)"
5954342	"HTTP.Cookies.Type(#kw#Type, Array{Any, 1}, Type{HTTP.Cookies.Cookie}, String, String)"
1362686	"HTTP.Cookies.is_url_char(HTTP.Cookies.#is_url_char, Char)"
42516	"Base.mapreduce_sc_impl(Base.#mapreduce_sc_impl, Base.Predicate{HTTP.Cookies.#is_url_char}, Base.#|, String)"
829094	"Base.replace(Base.#replace, String, Char, Char, Int64)"
285449	"HTTP.Cookies.validcookievaluebyte(HTTP.Cookies.#validcookievaluebyte, Char)"
71736	"Base.filter(Base.#filter, HTTP.Cookies.#validcookievaluebyte, Array{Char, 1})"
430426	"Base.collect_to!(Base.#collect_to!, Array{Char, 1}, Base.Generator{Array{UInt8, 1}, Type{Char}}, Int64, Int64)"
74655	"Base.collect(Base.#collect, Base.Generator{Array{UInt8, 1}, Type{Char}})"
1171534	"Base.string(Base.#string, Char, String, Char)"
43683	"HTTP.Cookies.sanitizeCookieValue(HTTP.Cookies.#sanitizeCookieValue, String)"
148541	"Base.write(Base.#write, Base.AbstractIOBuffer{Array{UInt8, 1}}, String, String)"
256289	"HTTP.Cookies.validcookiepathbyte(HTTP.Cookies.#validcookiepathbyte, Char)"
62249	"Base.filter(Base.#filter, HTTP.Cookies.#validcookiepathbyte, String)"
506158	"HTTP.Cookies.isCookieDomainName(HTTP.Cookies.#isCookieDomainName, String)"
150036	"HTTP.Cookies.isIP(HTTP.Cookies.#isIP, String)"
43678	"HTTP.Cookies.validCookieDomain(HTTP.Cookies.#validCookieDomain, String)"
513588	"Base.Dates.year(Base.Dates.#year, Int64)"
328440	"Base.Dates.format(Base.Dates.#format, Base.Dates.DateTime, Base.Dates.DateFormat)"
199299	"HTTP.Cookies.Type(Type{String}, HTTP.Cookies.Cookie, Bool)"
631120	"HTTP.Cookies.string(Base.#string, String, Array{HTTP.Cookies.Cookie, 1}, Bool)"
2018590	"Base.ht_keyindex(Base.#ht_keyindex, Base.Dict{String, String}, String)"
1127228	"Base.findnext(Base.#findnext, Base.SubString{String}, Char, Int64)"
222282	"Base.mapreduce_sc_impl(Base.#mapreduce_sc_impl, Base.Predicate{HTTP.Cookies.#is_url_char}, Base.#|, Base.SubString{String})"
271303	"HTTP.Cookies.parsecookievalue(HTTP.Cookies.#parsecookievalue, Base.SubString{String}, Bool)"
438799	"Base.map(Base.#map, Base.#lowercase, Base.SubString{String})"
187579	"Base.push!(Base.#push!, Array{String, 1}, Base.SubString{String})"
585208	"HTTP.Cookies.hasdotsuffix(HTTP.Cookies.#hasdotsuffix, String, String)"
62095	"HTTP.Cookies.domainandtype(HTTP.Cookies.#domainandtype, String, String)"
154486	"HTTP.Cookies.readsetcookie(HTTP.Cookies.#readsetcookie, String, String)"
97899	"Base.copy!(Base.#copy!, Array{HTTP.Cookies.Cookie, 1}, Base.Generator{Array{String, 1}, HTTP.Cookies.##4#5{String}})"
71134	"HTTP.Cookies.readsetcookies(HTTP.Cookies.#readsetcookies, String, Array{String, 1})"
1689249	"HTTP.Cookies.==(Base.#==, HTTP.Cookies.Cookie, HTTP.Cookies.Cookie)"
218425	"Base.Broadcast._broadcast!(Base.Broadcast.#_broadcast!, Base.#==, Base.BitArray{1}, Tuple{Tuple{Bool}, Tuple{Bool}}, Tuple{Tuple{Int64}, Tuple{Int64}}, Tuple{Array{HTTP.Cookies.Cookie, 1}, Array{HTTP.Cookies.Cookie, 1}}, Type{Base.Val{2}})"
157326	"Base.Broadcast..==(Base.#.==, Array{HTTP.Cookies.Cookie, 1}, Array{HTTP.Cookies.Cookie, 1})"
763881	"Base.Type(Type{Base.Dict{String, String}}, Tuple{Base.Pair{String, String}, Base.Pair{String, String}, Base.Pair{String, String}, Base.Pair{String, String}, Base.Pair{String, String}, Base.Pair{String, String}, Base.Pair{String, String}, Base.Pair{String, String}, Base.Pair{String, String}})"
1006245	"Base.Type(Type{Base.Dict{String, String}}, Tuple{Base.Pair{String, String}, Base.Pair{String, String}, Base.Pair{String, String}})"
902465	"Base.Type(Type{Base.Dict{String, String}}, Tuple{Base.Pair{String, String}})"
1353969	"HTTP.Cookies.readcookies(HTTP.Cookies.#readcookies, Base.Dict{String, String}, String)"
523455	"Base.Dates.Type(Type{Base.Dates.DateTime})"
361635	"HTTP.Cookies.Type(#kw#Type, Array{Any, 1}, Type{HTTP.Cookies.Cookie}, HTTP.Cookies.Cookie)"
77304	"HTTP.Cookies.#Cookie#3(HTTP.Cookies.##Cookie#3, Array{Any, 1}, Type{T<:Any}, String, String)"
221563	"HTTP.Cookies.#Cookie#1(HTTP.Cookies.##Cookie#1, Array{Any, 1}, Type{T<:Any}, HTTP.Cookies.Cookie)"
146745	"Base.indexed_next(Base.#indexed_next, Tuple{Symbol, Base.Dates.DateTime}, Int64, Int64)"
67927	"Base.convert(Base.#convert, Type{Base.Dates.DateTime}, Base.Dates.DateTime)"
239242	"Base.vect(Base.#vect, Tuple{HTTP.Cookies.Cookie, String}, Vararg{Tuple{HTTP.Cookies.Cookie, String}, N<:Any})"
384276	"Base.write(Base.#write, Base.AbstractIOBuffer{Array{UInt8, 1}}, String, Char, String, Vararg{String, N<:Any})"
504474	"Base.ht_keyindex(Base.#ht_keyindex, Base.Dict{String, Base.Dict{Int64, String}}, String)"
366065	"Base.ht_keyindex(Base.#ht_keyindex, Base.Dict{Int64, String}, Int64)"
245684	"Base.Dates.slotformat(Base.Dates.#slotformat, Base.Dates.DelimitedSlot{Base.Dates.DayOfWeekSlot}, Base.Dates.DateTime, String)"
511062	"Base.Dates.day(Base.Dates.#day, Int64)"
88907	"Base.Dates.slotformat(Base.Dates.#slotformat, Base.Dates.DelimitedSlot{Base.Dates.Day}, Base.Dates.DateTime, String)"
467185	"Base.Dates.month(Base.Dates.#month, Int64)"
396200	"Base.Dates.slotformat(Base.Dates.#slotformat, Base.Dates.DelimitedSlot{Base.Dates.Month}, Base.Dates.DateTime, String)"
306007	"Base.Dates.slotformat(Base.Dates.#slotformat, Base.Dates.DelimitedSlot{Base.Dates.Year}, Base.Dates.DateTime, String)"
266789	"Base.Dates.hour(Base.Dates.#hour, Base.Dates.DateTime)"
50453	"Base.Dates.slotformat(Base.Dates.#slotformat, Base.Dates.DelimitedSlot{Base.Dates.Hour}, Base.Dates.DateTime, String)"
242624	"Base.Dates.minute(Base.Dates.#minute, Base.Dates.DateTime)"
47857	"Base.Dates.slotformat(Base.Dates.#slotformat, Base.Dates.DelimitedSlot{Base.Dates.Minute}, Base.Dates.DateTime, String)"
269582	"Base.Dates.second(Base.Dates.#second, Base.Dates.DateTime)"
54042	"Base.Dates.slotformat(Base.Dates.#slotformat, Base.Dates.DelimitedSlot{Base.Dates.Second}, Base.Dates.DateTime, String)"
175538	"Base.write(Base.#write, Base.AbstractIOBuffer{Array{UInt8, 1}}, String, String, String, Vararg{String, N<:Any})"
229051	"Base.vect(Base.#vect, HTTP.Cookies.Cookie, Vararg{HTTP.Cookies.Cookie, N<:Any})"
224829	"Base.vect(Base.#vect, Tuple{Base.Dict{String, String}, Array{HTTP.Cookies.Cookie, 1}}, Vararg{Tuple{Base.Dict{String, String}, Array{HTTP.Cookies.Cookie, 1}}, N<:Any})"
454318	"HTTP.Cookies.#Cookie#3(HTTP.Cookies.##Cookie#3, Array{Any, 1}, Type{T<:Any}, Base.SubString{String}, Base.SubString{String})"
494695	"Base.==(Base.#==, Array{HTTP.Cookies.Cookie, 1}, Array{HTTP.Cookies.Cookie, 1})"
1062105	"Base.typed_vcat(Base.#typed_vcat, Type{Any}, Array{Base.Dates.Period, 1}, Array{Any, 1})"
88955	"Base.Dates.parse(Base.Dates.#parse, Base.SubString{String}, Base.Dates.DateFormat)"
355366	"Base.startswith(Base.#startswith, Base.SubString{String}, String)"
109804	"Base.search(Base.#search, String, String)"
272221	"Base.Dates.getslot(Base.Dates.#getslot, String, Base.Dates.DelimitedSlot{Base.Dates.DayOfWeekSlot}, String, Int64)"
452618	"Base.Dates.getslot(Base.Dates.#getslot, String, Base.Dates.DelimitedSlot{Base.Dates.Day}, String, Int64)"
116902	"Base.Dates.Type(Type{Base.Dates.Day}, String)"
154891	"Base.push!(Base.#push!, Array{Base.Dates.Period, 1}, Base.Dates.Day)"
330130	"Base.Dates.getslot(Base.Dates.#getslot, String, Base.Dates.DelimitedSlot{Base.Dates.Month}, String, Int64)"
487883	"Base.ht_keyindex(Base.#ht_keyindex, Base.Dict{String, Base.Dict{String, Int64}}, String)"
241768	"Base.Dates.slotparse(Base.Dates.#slotparse, Base.Dates.DelimitedSlot{Base.Dates.Month}, String, String)"
180922	"Base.push!(Base.#push!, Array{Base.Dates.Period, 1}, Base.Dates.Month)"
393204	"Base.Dates.getslot(Base.Dates.#getslot, String, Base.Dates.DelimitedSlot{Base.Dates.Year}, String, Int64)"
118784	"Base.Dates.Type(Type{Base.Dates.Year}, String)"
214000	"Base.push!(Base.#push!, Array{Base.Dates.Period, 1}, Base.Dates.Year)"
342824	"Base.Dates.getslot(Base.Dates.#getslot, String, Base.Dates.DelimitedSlot{Base.Dates.Hour}, String, Int64)"
103814	"Base.Dates.Type(Type{Base.Dates.Hour}, String)"
164636	"Base.push!(Base.#push!, Array{Base.Dates.Period, 1}, Base.Dates.Hour)"
363890	"Base.Dates.getslot(Base.Dates.#getslot, String, Base.Dates.DelimitedSlot{Base.Dates.Minute}, String, Int64)"
124832	"Base.Dates.Type(Type{Base.Dates.Minute}, String)"
229073	"Base.push!(Base.#push!, Array{Base.Dates.Period, 1}, Base.Dates.Minute)"
377051	"Base.Dates.getslot(Base.Dates.#getslot, String, Base.Dates.DelimitedSlot{Base.Dates.Second}, String, Int64)"
116288	"Base.Dates.Type(Type{Base.Dates.Second}, String)"
207973	"Base.push!(Base.#push!, Array{Base.Dates.Period, 1}, Base.Dates.Second)"
219986	"Base.Order.ord(Base.Order.#ord, Base.Dates.#periodisless, Base.#identity, Bool, Base.Order.ForwardOrdering)"
68386	"Base.Order.Type(Type{Base.Order.ReverseOrdering}, Base.Order.Lt{Base.Dates.#periodisless})"
536180	"Base.Sort.sort!(Base.#sort!, Array{Base.Dates.Period, 1}, Int64, Int64, Base.Sort.InsertionSortAlg, Base.Order.ReverseOrdering{Base.Order.Lt{Base.Dates.#periodisless}})"
319836	"Base.Sort.sort!(Base.#sort!, Array{Base.Dates.Period, 1}, Int64, Int64, Base.Sort.MergeSortAlg, Base.Order.ReverseOrdering{Base.Order.Lt{Base.Dates.#periodisless}}, Array{Base.Dates.Period, 1})"
83746	"Base.Sort.sort!(Base.#sort!, Array{Base.Dates.Period, 1}, Base.Sort.MergeSortAlg, Base.Order.ReverseOrdering{Base.Order.Lt{Base.Dates.#periodisless}})"
148254	"Base.Dates.Type(Type{Base.Dates.DateTime}, Base.Dates.Year, Base.Dates.Month, Base.Dates.Day, Base.Dates.Hour, Base.Dates.Minute, Base.Dates.Second)"
266634	"HTTP.Cookies.parsecookievalue(HTTP.Cookies.#parsecookievalue, String, Bool)"
226786	"Base.vect(Base.#vect, Tuple{Base.Dict{String, String}, String, Array{HTTP.Cookies.Cookie, 1}}, Vararg{Tuple{Base.Dict{String, String}, String, Array{HTTP.Cookies.Cookie, 1}}, N<:Any})"
143772	"Base.*(Base.#*, String, String, String, String, String)"
550174	"Base.sizehint!(Base.#sizehint!, Base.Dict{String, String}, Int64)"
93382	"Base.Type(Type{Base.Dict{String, String}}, Base.Pair{String, String}, Base.Pair{String, String}, Base.Pair{String, String})"
379523	"Main.Type(#kw#Type, Array{Any, 1}, Type{Main.Message})"
649030	"Main.#Message#19(Main.##Message#19, String, Array{Any, 1}, Type{T<:Any})"
128575	"Base.indexed_next(Base.#indexed_next, Tuple{Symbol, HTTP.Method}, Int64, Int64)"
137783	"Base.indexed_next(Base.#indexed_next, Tuple{Symbol, Base.Dict{String, String}}, Int64, Int64)"
82018	"Base.*(Base.#*, String, String, String, String, String, String, Vararg{String, N<:Any})"
229218	"Base.Type(Type{Base.Dict{String, String}}, Base.Pair{String, String}, Base.Pair{String, String}, Base.Pair{String, String}, Base.Pair{String, String}, Base.Pair{String, String}, Base.Pair{String, String}, Base.Pair{String, String}, Base.Pair{String, String})"
177809	"Base.Type(Type{Base.Dict{String, String}}, Base.Pair{String, String})"
236939	"Base.Type(Type{Base.Dict{String, String}}, Base.Pair{String, String}, Base.Pair{String, String}, Base.Pair{String, String}, Base.Pair{String, String}, Base.Pair{String, String}, Base.Pair{String, String}, Base.Pair{String, String})"
346354	"Base.Type(Type{Base.Dict{String, String}}, Base.Pair{String, String}, Base.Pair{String, String})"
278546	"Base.Type(Type{Base.Dict{String, String}}, Base.Pair{String, String}, Base.Pair{String, String}, Base.Pair{String, String}, Base.Pair{String, String})"
253645	"Base.Type(Type{Base.Dict{String, String}}, Base.Pair{String, String}, Base.Pair{String, String}, Base.Pair{String, String}, Base.Pair{String, String}, Base.Pair{String, String})"
190164	"Base.getindex(Base.#getindex, Type{Main.Message}, Main.Message, Main.Message, Main.Message, Main.Message, Vararg{Main.Message, N<:Any})"
381448	"Base.Type(Type{Base.Dict{String, String}}, Base.Pair{String, String}, Base.Pair{String, String}, Base.Pair{String, String}, Base.Pair{String, String}, Base.Pair{String, String}, Base.Pair{String, String}, Base.Pair{String, String}, Base.Pair{String, String}, Base.Pair{String, String})"
236030	"Base.Type(Type{Base.Dict{String, String}}, Base.Pair{String, String}, Base.Pair{String, String}, Base.Pair{String, String}, Base.Pair{String, String}, Base.Pair{String, String}, Base.Pair{String, String}, Base.Pair{String, String}, Base.Pair{String, String}, Base.Pair{String, String}, Base.Pair{String, String}, Base.Pair{String, String})"
122498	"Core.Inference.getindex(Core.Inference.#getindex, Tuple{UInt8, Array{Any, 1}}, Int64)"
151297	"Core.Inference.getindex(Core.Inference.#getindex, Tuple{HTTP.#kw##parse!, Tuple{}}, Int64)"
126105	"Core.Inference.getindex(Core.Inference.#getindex, Tuple{HTTP.#kw##parse, Tuple{}}, Int64)"
25754675	"HTTP.#parse(HTTP.#kw##parse, Array{Any, 1}, HTTP.#parse, Type{HTTP.Request}, String)"
1083802	"HTTP.http_should_keep_alive(HTTP.#http_should_keep_alive, HTTP.Parser, HTTP.Request)"
903073	"HTTP.Type(Type{HTTP.Request})"
971985	"Core.Inference.specialize_method(Core.Inference.#specialize_method, Method, Any, SimpleVector, Bool)"
3767483	"Base.ht_keyindex(Base.#ht_keyindex, Base.Dict{String, HTTP.Method}, String)"
70563	"HTTP.convert(Base.#convert, Type{HTTP.Method}, String)"
275073	"HTTP.Type(Type{HTTP.FIFOBuffer}, String)"
503457	"HTTP.Type(#kw#Type, Array{Any, 1}, Type{HTTP.URI}, String)"
2315629	"Base.ht_keyindex(Base.#ht_keyindex, Base.Dict{Int64, String}, Int32)"
79376	"HTTP.statustext(HTTP.#statustext, HTTP.Response)"
612694	"HTTP.http_message_needs_eof(HTTP.#http_message_needs_eof, HTTP.Parser, HTTP.Response)"
30541	"HTTP.http_should_keep_alive(HTTP.#http_should_keep_alive, HTTP.Parser, HTTP.Response)"
1457496	"HTTP.#parse(HTTP.#kw##parse, Array{Any, 1}, HTTP.#parse, Type{HTTP.Response}, String)"
2249414	"HTTP.reset!(HTTP.#reset!, HTTP.Parser)"
567248	"HTTP.#parse!(HTTP.#kw##parse!, Array{Any, 1}, HTTP.#parse!, HTTP.Request, HTTP.Parser, Array{UInt8, 1}, Int64)"
344333	"Base.ht_keyindex(Base.#ht_keyindex, Base.Dict{HTTP.ParsingErrorCode, String}, HTTP.ParsingErrorCode)"
134899	"HTTP.#parse#22(HTTP.##parse#22, Base.RefValue{String}, Bool, Function, Type{HTTP.Request}, String)"
2694332	"Base.mapreduce_sc_impl(Base.#mapreduce_sc_impl, Base.Predicate{Base.##212#213{UInt8}}, Base.#|, Tuple{UInt8, UInt8, UInt8, UInt8})"
189739	"Base.mapreduce_sc_impl(Base.#mapreduce_sc_impl, Base.Predicate{Base.##212#213{UInt8}}, Base.#|, Tuple{UInt8, UInt8, UInt8, UInt8, UInt8, UInt8, UInt8, UInt8, UInt8, UInt8})"
1062107	"HTTP.convert(Base.#convert, Type{HTTP.Method}, Int64)"
416698	"Base.<<(Base.#<<, Int32, Int32)"
863707	"Base.mapreduce_sc_impl(Base.#mapreduce_sc_impl, Base.Predicate{Base.##212#213{Char}}, Base.#|, Tuple{Char, Char, Char})"
222590	"Base.mapreduce_sc_impl(Base.#mapreduce_sc_impl, Base.Predicate{Base.##212#213{UInt8}}, Base.#|, Tuple{UInt8, UInt8, UInt8, UInt8, UInt8, UInt8, UInt8})"
296418	"Base.mapreduce_sc_impl(Base.#mapreduce_sc_impl, Base.Predicate{Base.##212#213{Char}}, Base.#|, Tuple{Char, Char})"
3090984	"HTTP.isheaderchar(HTTP.#isheaderchar, Char)"
1306375	"Base.mapreduce_sc_impl(Base.#mapreduce_sc_impl, Base.Predicate{Base.##212#213{UInt8}}, Base.#|, Tuple{UInt8, UInt8, UInt8})"
5487653	"HTTP.#parse!#23(HTTP.##parse!#23, Bool, String, HTTP.Method, Function, HTTP.Request, HTTP.Parser, Array{UInt8, 1}, Int64)"
418382	"HTTP.print(Base.#print, Base.AbstractIOBuffer{Array{UInt8, 1}}, HTTP.Method)"
64195	"Base.#print_to_string#305(Base.##print_to_string#305, Void, Function, HTTP.Method, Vararg{HTTP.Method, N<:Any})"
202732	"HTTP.onurl(HTTP.#onurl, HTTP.Request, Array{UInt8, 1}, Int64, Int64)"
467137	"HTTP.onheaderfield(HTTP.#onheaderfield, HTTP.Parser, Array{UInt8, 1}, Int64, Int64)"
457283	"Base.throw_boundserror(Base.#throw_boundserror, Array{UInt8, 1}, Tuple{Base.UnitRange{UInt64}})"
362528	"Base.Type(Type{Base.SubArray}, Base.LinearFast, Array{UInt8, 1}, Tuple{Base.UnitRange{UInt64}}, Tuple{UInt64})"
186551	"Base.length(Base.#length, Base.SubArray{UInt8, 1, Array{UInt8, 1}, Tuple{Base.UnitRange{UInt64}}, true})"
629564	"Base.copy!(Base.#copy!, Array{UInt8, 1}, Int64, Base.SubArray{UInt8, 1, Array{UInt8, 1}, Tuple{Base.UnitRange{UInt64}}, true}, Int64, Int64)"
426959	"Base.get!(Base.#get!, Base.##267#268{String}, Base.Dict{String, String}, String)"
217075	"HTTP.onheadervalue(HTTP.#onheadervalue, HTTP.Parser, HTTP.Request, Array{UInt8, 1}, Int64, UInt64, Bool, String, Base.RefValue{String})"
476219	"HTTP.onheaderfield(HTTP.#onheaderfield, HTTP.Parser, Array{UInt8, 1}, UInt64, UInt64)"
876773	"HTTP.onheadervalue(HTTP.#onheadervalue, HTTP.Parser, HTTP.Request, Array{UInt8, 1}, UInt64, UInt64, Bool, String, Base.RefValue{String})"
193801	"Base.colon(Base.#colon, UInt64, Int64)"
65587	"Base.==(Base.#==, HTTP.Method, HTTP.Method)"
219664	"Base.mapreduce_sc_impl(Base.#mapreduce_sc_impl, Base.Predicate{Base.##212#213{String}}, Base.#|, Tuple{String, String, String})"
25047	"Base.in(Base.#in, String, Tuple{String, String, String})"
407895	"Base.in(Base.#in, Base.Pair{String, String}, Base.Dict{String, String}, Base.#==)"
51997	"Base.==(Base.#==, Base.Dict{String, String}, Base.Dict{String, String})"
836626	"HTTP.onheadervalue(HTTP.#onheadervalue, HTTP.Parser, HTTP.Request, Array{UInt8, 1}, Int64, Int64, Bool, String, Base.RefValue{String})"
1168682	"Base.throw_boundserror(Base.#throw_boundserror, Base.SubArray{UInt8, 1, Array{UInt8, 1}, Tuple{Base.UnitRange{UInt64}}, true}, Tuple{UInt64})"
173079	"Base.write(Base.#write, HTTP.FIFOBuffer, Base.SubArray{UInt8, 1, Array{UInt8, 1}, Tuple{Base.UnitRange{UInt64}}, true})"
512848	"HTTP.onbody(HTTP.#onbody, HTTP.Request, Array{UInt8, 1}, Int64, UInt64)"
1185893	"HTTP.onbody(HTTP.#onbody, HTTP.Request, Array{UInt8, 1}, UInt64, UInt64)"
629976	"HTTP.Type(#kw#Type, Array{Any, 1}, Type{HTTP.Request}, HTTP.Method, HTTP.URI, Base.Dict{String, String}, HTTP.FIFOBuffer)"
48701	"HTTP.#Request#20(HTTP.##Request#20, HTTP.RequestOptions, Type{T<:Any}, String, HTTP.URI, Base.Dict{String, String}, Array{UInt8, 1})"
572241	"HTTP.host(HTTP.#host, HTTP.URI)"
333001	"HTTP.get(HTTP.#get, HTTP.RequestOptions, Symbol, Int64)"
264919	"HTTP.get(HTTP.#get, HTTP.RequestOptions, Symbol, Bool)"
172369	"Base.mapreduce_sc_impl(Base.#mapreduce_sc_impl, Base.Predicate{Base.##212#213{HTTP.Method}}, Base.#|, Tuple{HTTP.Method, HTTP.Method, HTTP.Method})"
412111	"HTTP.sniff(HTTP.#sniff, String)"
688078	"HTTP.Type(Type{String}, HTTP.FIFOBuffer)"
515170	"Base.merge!(Base.#merge!, Base.Dict{String, String}, Base.Dict{String, String})"
172507	"HTTP.#Request#19(HTTP.##Request#19, HTTP.RequestOptions, Type{T<:Any}, HTTP.Method, HTTP.URI, Base.Dict{String, String}, HTTP.FIFOBuffer)"
422294	"Base.print(Base.#print, Base.AbstractIOBuffer{Array{UInt8, 1}}, HTTP.RequestOptions)"
92937	"Base.#print_to_string#305(Base.##print_to_string#305, Void, Function, HTTP.RequestOptions, Vararg{HTTP.RequestOptions, N<:Any})"
82352	"Base.Type(Type{Base.Pair}, Symbol, HTTP.RequestOptions)"
84504	"Base.Type(Type{Base.ImmutableDict{Symbol, Any}}, Symbol, HTTP.RequestOptions)"
107908	"Base.show(Base.#show, Base.IOContext{Base.AbstractIOBuffer{Array{UInt8, 1}}}, Void)"
111661	"Base.println(Base.#println, String, String, Vararg{Any, N<:Any})"
108025	"Base.println(Base.#println, Base.TTY, String, Vararg{Any, N<:Any})"
294712	"Base.print(Base.#print, Base.TTY, String, String, String, Int64, String, String, String, String, Vararg{Any, N<:Any})"
192971	"Base.print(Base.#print, Base.TTY, Int64)"
179915	"HTTP.==(Base.#==, HTTP.Request, HTTP.Request)"
575161	"HTTP.Type(Type{HTTP.Response})"
429484	"HTTP.#parse!(HTTP.#kw##parse!, Array{Any, 1}, HTTP.#parse!, HTTP.Response, HTTP.Parser, Array{UInt8, 1}, Int64)"
187509	"HTTP.#parse#22(HTTP.##parse#22, Base.RefValue{String}, Bool, Function, Type{HTTP.Response}, String)"
12417416	"HTTP.#parse!#23(HTTP.##parse!#23, Bool, String, HTTP.Method, Function, HTTP.Response, HTTP.Parser, Array{UInt8, 1}, Int64)"
1111091	"HTTP.onheadervalue(HTTP.#onheadervalue, HTTP.Parser, HTTP.Response, Array{UInt8, 1}, Int64, UInt64, Bool, String, Base.RefValue{String})"
1755163	"HTTP.onheadervalue(HTTP.#onheadervalue, HTTP.Parser, HTTP.Response, Array{UInt8, 1}, UInt64, UInt64, Bool, String, Base.RefValue{String})"
1044611	"HTTP.onbody(HTTP.#onbody, HTTP.Response, Array{UInt8, 1}, UInt64, UInt64)"
1086494	"HTTP.onbody(HTTP.#onbody, HTTP.Response, Array{UInt8, 1}, UInt64, Int64)"
903385	"HTTP.onheadervalue(HTTP.#onheadervalue, HTTP.Parser, HTTP.Response, Array{UInt8, 1}, Int64, Int64, Bool, String, Base.RefValue{String})"
1406385	"HTTP.onbody(HTTP.#onbody, HTTP.Response, Array{UInt8, 1}, Int64, UInt64)"
382564	"HTTP.onheadervalue(HTTP.#onheadervalue, HTTP.Parser, Array{UInt8, 1}, Int64, Int64)"
117848	"HTTP.parse!(HTTP.#parse!, HTTP.Request, HTTP.Parser, Array{UInt8, 1})"
66778	"Base.==(Base.#==, HTTP.ParsingErrorCode, HTTP.ParsingErrorCode)"
135211	"HTTP.parse!(HTTP.#parse!, HTTP.Response, HTTP.Parser, Array{UInt8, 1})"
111177	"HTTP.@timeout(HTTP.#@timeout, Any, Any, Any)"
167382	"HTTP.@timeout(HTTP.#@timeout, Any, Any, Any, Float64)"
106355	"Base.#49(Base.##49#50, Char)"
74155	"Base.remove_linenums!(Base.#remove_linenums!, Char)"
98010	"Base.#49(Base.##49#50, Float64)"
58852	"Base.remove_linenums!(Base.#remove_linenums!, Float64)"
116972	"Core.Inference.getindex(Core.Inference.#getindex, Tuple{HTTP.#kw##resource, Tuple{}}, Int64)"
128646	"Core.Inference.getindex(Core.Inference.#getindex, Tuple{HTTP.#kw##request, Tuple{}}, Int64)"
404170	"Core.Inference._slot_replace!(Core.Inference.#_slot_replace!, HTTP.Method, Int64, SlotNumber, Type{T<:Any})"
77875	"Core.Inference.getindex(Core.Inference.#getindex, Tuple{HTTP.#kw##get, Tuple{}}, Int64)"
124883	"Core.Inference.getindex(Core.Inference.#getindex, Tuple{HTTP.#kw##patch, Tuple{}}, Int64)"
91763	"Core.Inference.getindex(Core.Inference.#getindex, Tuple{HTTP.#kw##delete, Tuple{}}, Int64)"
84692	"Core.Inference.getindex(Core.Inference.#getindex, Tuple{HTTP.#kw##put, Tuple{}}, Int64)"
81117	"Core.Inference.getindex(Core.Inference.#getindex, Tuple{HTTP.#kw##post, Tuple{}}, Int64)"
76450	"Core.Inference.getindex(Core.Inference.#getindex, Tuple{HTTP.#kw##options, Tuple{}}, Int64)"
85611	"Core.Inference.getindex(Core.Inference.#getindex, Tuple{HTTP.#kw##head, Tuple{}}, Int64)"
83444	"Core.Inference.getindex(Core.Inference.#getindex, Tuple{Float64, Array{Any, 1}}, Int64)"
6592128	"HTTP.idle!(HTTP.#idle!, HTTP.Connection{Base.AbstractIOBuffer{Array{UInt8, 1}}})"
327215	"HTTP.busy!(HTTP.#busy!, HTTP.Connection{Base.AbstractIOBuffer{Array{UInt8, 1}}})"
398407	"Base.close(Base.#close, Base.AbstractIOBuffer{Array{UInt8, 1}})"
36031	"HTTP.dead!(HTTP.#dead!, HTTP.Connection{Base.AbstractIOBuffer{Array{UInt8, 1}}})"
2338160	"HTTP.#post(HTTP.#kw##post, Array{Any, 1}, HTTP.#post, String)"
587734	"HTTP.#get(HTTP.#kw##get, Array{Any, 1}, HTTP.#get, String)"